{"base_lr": 0.00019623423423423421, "lr": 0.00019623423423423421, "data_time": 0.6557953310012817, "loss": 0.015710663385689258, "loss_kpt": 0.015710663385689258, "acc_pose": 0.0, "time": 0.7218323850631714, "epoch": 1, "iter": 50, "memory": 635, "step": 50}
{"base_lr": 0.0005245592792792786, "lr": 0.0005245592792792786, "data_time": 0.003074045181274414, "loss": 0.014660837948322297, "loss_kpt": 0.014660837948322297, "acc_pose": 0.6, "time": 0.06034029960632324, "epoch": 2, "iter": 132, "memory": 635, "step": 132}
{"base_lr": 0.0008528843243243235, "lr": 0.0008528843243243235, "data_time": 0.00200009822845459, "loss": 0.014604016728699208, "loss_kpt": 0.014604016728699208, "acc_pose": 0.0, "time": 0.05666138648986816, "epoch": 3, "iter": 214, "memory": 635, "step": 214}
{"base_lr": 0.0011812093693693668, "lr": 0.0011812093693693668, "data_time": 0.0035143661499023437, "loss": 0.013075528331100941, "loss_kpt": 0.013075528331100941, "acc_pose": 0.1111111111111111, "time": 0.05583449840545654, "epoch": 4, "iter": 296, "memory": 635, "step": 296}
{"base_lr": 0.00150953441441441, "lr": 0.00150953441441441, "data_time": 0.0019962692260742185, "loss": 0.014445794001221656, "loss_kpt": 0.014445794001221656, "acc_pose": 0.0, "time": 0.0581295108795166, "epoch": 5, "iter": 378, "memory": 635, "step": 378}
{"base_lr": 0.0018378594594594523, "lr": 0.0018378594594594523, "data_time": 0.002370305061340332, "loss": 0.02560267210006714, "loss_kpt": 0.02560267210006714, "acc_pose": 0.0, "time": 0.05548846244812012, "epoch": 6, "iter": 460, "memory": 635, "step": 460}
{"base_lr": 0.002166184504504496, "lr": 0.002166184504504496, "data_time": 0.0030846500396728514, "loss": 0.015636949725449087, "loss_kpt": 0.015636949725449087, "acc_pose": 0.0, "time": 0.05979010581970215, "epoch": 7, "iter": 542, "memory": 635, "step": 542}
{"base_lr": 0.0024945095495495376, "lr": 0.0024945095495495376, "data_time": 0.0030328178405761718, "loss": 0.01417228514328599, "loss_kpt": 0.01417228514328599, "acc_pose": 0.07142857142857142, "time": 0.05458735466003418, "epoch": 8, "iter": 624, "memory": 635, "step": 624}
{"base_lr": 0.0028228345945945804, "lr": 0.0028228345945945804, "data_time": 0.0028554916381835936, "loss": 0.014379178173840046, "loss_kpt": 0.014379178173840046, "acc_pose": 0.15384615384615385, "time": 0.05532344818115234, "epoch": 9, "iter": 706, "memory": 635, "step": 706}
{"base_lr": 0.00315115963963962, "lr": 0.00315115963963962, "data_time": 0.002838287353515625, "loss": 0.013933909656479955, "loss_kpt": 0.013933909656479955, "acc_pose": 0.0, "time": 0.05727425575256348, "epoch": 10, "iter": 788, "memory": 635, "step": 788}
{"coco/AP": 0.0, "coco/AP .5": 0.0, "coco/AP .75": 0.0, "coco/AP (M)": -1.0, "coco/AP (L)": 0.0, "coco/AR": 0.0, "coco/AR .5": 0.0, "coco/AR .75": 0.0, "coco/AR (M)": -1.0, "coco/AR (L)": 0.0, "data_time": 2.6037084261576333, "time": 2.6374861664242215, "step": 10}
